Count,Filename_0,Time_0,FrameDisp_(mm),Load_(N)
1,ENF-04_0001.png,3.244,-0,0
2,ENF-04_0002.png,3.744,0.00587703377223292,0.190161405
3,ENF-04_0003.png,4.244,0.00723422430409926,0.2047960488
4,ENF-04_0004.png,4.744,0.00542601199467541,0.1462574736
5,ENF-04_0005.png,5.244,0.0108520239893437,-0.0292692876
6,ENF-04_0006.png,5.744,0.0108520239893402,-0.0292692875999991
7,ENF-04_0007.png,6.244,0.00678182746013967,-0.117032668199999
8,ENF-04_0008.png,6.744,0.00542326186188014,0.190161405
9,ENF-04_0009.png,7.244,0.00316402777489522,0.0585830573999999
10,ENF-04_0010.png,7.744,0.00452121830676155,0.2047960488
11,ENF-04_0011.png,8.244,0.0117554426108555,0.0438594492000002
12,ENF-04_0012.png,8.744,0.0764179398357303,-0.0584940929999993
13,ENF-04_0013.png,9.244,0.0723463682401366,-0.0145901616000002
14,ENF-04_0014.png,9.744,0.0791295707666713,0.0878078628000001
15,ENF-04_0015.png,10.244,0.0958641287938224,0.1902058872
16,ENF-04_0016.png,10.744,0.0917925571982252,0.1902058872
17,ENF-04_0017.png,11.244,0.0863651701371637,0.073173219000001
18,ENF-04_0018.png,11.744,0.117568176772505,-0.0731287367999993
19,ENF-04_0019.png,12.244,0.113950377087253,0.1902058872
20,ENF-04_0020.png,12.744,0.142436252526077,0.351142486800001
21,ENF-04_0021.png,13.244,0.141534208970956,-0.0584940930000002
22,ENF-04_0022.png,13.744,0.137465387508154,-0.0292692875999991
23,ENF-04_0023.png,14.244,0.164595447481501,0.190161405
24,ENF-04_0024.png,14.744,0.160525250952302,0.3071940732
25,ENF-04_0025.png,15.244,0.184489908084359,0.4973554782
26,ENF-04_0026.png,15.744,0.184037511240408,0.2926039116
27,ENF-04_0027.png,16.244,0.186299495460181,0.1755267612
28,ENF-04_0028.png,16.744,0.19715151944952,0.5850743766
29,ENF-04_0029.png,17.244,0.210716549436198,0.5558495712
30,ENF-04_0030.png,17.744,0.220214133026463,0.6729712038
31,ENF-04_0031.png,18.244,0.226092541865086,0.643612951800001
32,ENF-04_0032.png,18.744,0.239207925140596,0.5265802836
33,ENF-04_0033.png,19.244,0.250963367751449,0.687516883200001
34,ENF-04_0034.png,19.744,0.25503081414786,0.746055458400001
35,ENF-04_0035.png,20.244,0.267242778801858,1.1116991424
36,ENF-04_0036.png,20.744,0.271310225198265,1.652958552
37,ENF-04_0037.png,21.244,0.281712602476443,2.1942179616
38,ENF-04_0038.png,21.744,0.292110854555428,2.8963694886
39,ENF-04_0039.png,22.244,0.293920441931252,3.7886379384
40,ENF-04_0040.png,22.744,0.312009440357476,5.11973803037697
41,ENF-04_0041.png,23.244,0.312911483912595,6.290005491
42,ENF-04_0042.png,23.744,0.325573095277756,7.3870699896
43,ENF-04_0043.png,24.244,0.335520325579187,9.1863304974
44,ENF-04_0044.png,24.744,0.336878891177449,10.4881910448
45,ENF-04_0045.png,25.244,0.353156927161455,13.1797200024
46,ENF-04_0046.png,25.744,0.366269560304174,15.739581648
47,ENF-04_0047.png,26.244,0.363105532529282,17.0121729078
48,ENF-04_0048.png,26.744,0.371696947365242,18.4311106056
49,ENF-04_0049.png,27.244,0.391592783034495,20.698457304
50,ENF-04_0050.png,27.744,0.392949973566362,23.2583189496
51,ENF-04_0051.png,28.244,0.398828382404984,26.0229321618
52,ENF-04_0052.png,28.744,0.418724218074242,27.6467103906
53,ENF-04_0053.png,29.244,0.421889620915533,30.206527554
54,ENF-04_0054.png,29.744,0.425958442378334,32.298303009
55,ENF-04_0055.png,30.244,0.434552607347086,34.6680477318
56,ENF-04_0056.png,30.744,0.443593668894207,37.0231133286
57,ENF-04_0057.png,31.244,0.446759071735499,39.3781344432
58,ENF-04_0058.png,31.744,0.461682667320439,41.6455256238
59,ENF-04_0059.png,32.244,0.468010722870225,44.0298605082
60,ENF-04_0060.png,32.744,0.482481921611207,47.013904413
61,ENF-04_0061.png,33.244,0.488812727293785,49.3689700098
62,ENF-04_0062.png,33.744,0.496500723508232,51.6948108012
63,ENF-04_0063.png,34.244,0.51187396580433,55.395685359
64,ENF-04_0064.png,34.744,0.516395184111092,58.4383123212
65,ENF-04_0065.png,35.244,0.5295105673866,60.661710606
66,ENF-04_0066.png,35.744,0.532222198317541,62.8558840854
67,ENF-04_0067.png,36.244,0.545788603370612,66.0739933266
68,ENF-04_0068.png,36.744,0.557093024203906,68.3412955428
69,ENF-04_0069.png,37.244,0.553473849452265,70.1551462122
70,ENF-04_0070.png,37.744,0.565232042195912,72.5541157404
71,ENF-04_0071.png,38.244,0.576990234939556,76.1379131478
72,ENF-04_0072.png,38.744,0.579249469026545,78.9611538996
73,ENF-04_0073.png,39.244,0.59643367376486,82.7643819996
74,ENF-04_0074.png,39.744,0.60638090406629,84.1247811222
75,ENF-04_0075.png,40.244,0.609998703751531,86.2019219334
76,ENF-04_0076.png,40.744,0.623112711960649,89.2883638626
77,ENF-04_0077.png,41.244,0.635320551415457,92.3602156302
78,ENF-04_0078.png,41.744,0.639843144788612,96.0172307388
79,ENF-04_0079.png,42.244,0.652504756153773,98.9427805506
80,ENF-04_0080.png,42.744,0.659740355524258,101.1661788354
81,ENF-04_0081.png,43.244,0.668330395293825,103.023888954
82,ENF-04_0082.png,43.744,0.677375582040137,105.9641178918
83,ENF-04_0083.png,44.244,0.688227606029475,109.4163369516
84,ENF-04_0084.png,44.744,0.70360222339197,112.2540789006
85,ENF-04_0085.png,45.244,0.709028235386638,115.5015019116
86,ENF-04_0086.png,45.744,0.709026860320243,117.7103100348
87,ENF-04_0087.png,46.244,0.715810062846781,119.7582260406
88,ENF-04_0088.png,46.744,0.734350083050568,122.6837313702
89,ENF-04_0089.png,47.244,0.729828864743805,125.433798903
90,ENF-04_0090.png,47.744,0.749273678635502,127.979070387
91,ENF-04_0091.png,48.244,0.75922090893693,131.109505212
92,ENF-04_0092.png,48.744,0.77052532977023,134.1227739222
93,ENF-04_0093.png,49.244,0.779116744606187,136.9605603534
94,ENF-04_0094.png,49.744,0.778213325984671,138.949937784
95,ENF-04_0095.png,50.244,0.787709534508542,141.934026171
96,ENF-04_0096.png,50.744,0.808057767021749,144.7571779584
97,ENF-04_0097.png,51.244,0.815744388169803,147.565695102
98,ENF-04_0098.png,51.744,0.822978612473895,150.125645712
99,ENF-04_0099.png,52.244,0.823432384384244,153.0511955238
100,ENF-04_0100.png,52.744,0.835640223839055,156.1815858666
101,ENF-04_0101.png,53.244,0.842422051299195,158.682908937
102,ENF-04_0102.png,53.744,0.856893250040176,161.286674514
103,ENF-04_0103.png,54.244,0.861415843413335,164.06592237
104,ENF-04_0104.png,54.744,0.880859282238632,167.5912701666
105,ENF-04_0105.png,55.244,0.885380500545393,169.8147129336
106,ENF-04_0106.png,55.744,0.889449322008195,172.5062418912
107,ENF-04_0107.png,56.244,0.899851699286371,176.002275918
108,ENF-04_0108.png,56.744,0.900755117907885,178.6499454264
109,ENF-04_0109.png,57.244,0.914321522960956,182.1313448094
110,ENF-04_0110.png,57.744,0.926076965571808,185.5396599378
111,ENF-04_0111.png,58.244,0.937833783249065,187.689973968
112,ENF-04_0112.png,58.744,0.938288930225806,190.4692663062
113,ENF-04_0113.png,59.244,0.950495394614219,193.1607952638
114,ENF-04_0114.png,59.744,0.954564216077024,195.4427321238
115,ENF-04_0115.png,60.244,0.975367595566983,198.587668146
116,ENF-04_0116.png,60.744,0.977626829653966,201.1183494684
117,ENF-04_0117.png,61.244,0.991644256484596,205.0093854312
118,ENF-04_0118.png,61.744,1.00520928647127,208.3445273406
119,ENF-04_0119.png,62.244,1.01154146722025,210.392354382
120,ENF-04_0120.png,62.744,1.01832329468039,212.937625866
121,ENF-04_0121.png,63.244,1.02691470951635,216.2289083262
122,ENF-04_0122.png,63.744,1.03686331488417,219.417792762
123,ENF-04_0123.png,64.244,1.04862013256142,222.7236653838
124,ENF-04_0124.png,64.744,1.04862013256142,225.6199014258
125,ENF-04_0125.png,65.244,1.06082797201623,228.7211559276
126,ENF-04_0126.png,65.744,1.06897111520742,231.4418652084
127,ENF-04_0127.png,66.244,1.08524640105864,234.3966843078
128,ENF-04_0128.png,66.744,1.08931797265424,236.8249231236
129,ENF-04_0129.png,67.244,1.09564877833682,239.6773441986
130,ENF-04_0130.png,67.744,1.10740422094767,242.6322077802
131,ENF-04_0131.png,68.244,1.1092124332571,245.1335753328
132,ENF-04_0132.png,68.744,1.11599563578363,247.4301023544
133,ENF-04_0133.png,69.244,1.13046683452461,250.9993096002
134,ENF-04_0134.png,69.744,1.14041543989244,253.8517751574
135,ENF-04_0135.png,70.244,1.15443286672307,256.5725289204
136,ENF-04_0136.png,70.744,1.14584007682071,258.8398311366
137,ENF-04_0137.png,71.244,1.16980610901916,262.1750175282
138,ENF-04_0138.png,71.744,1.17704308345605,265.7002763604
139,ENF-04_0139.png,72.244,1.18699031375748,269.722935153
140,ENF-04_0140.png,72.744,1.20055534374416,272.195033418
141,ENF-04_0141.png,73.244,1.19693754405891,274.9159206276
142,ENF-04_0142.png,73.744,1.21050394911198,277.1832228438
143,ENF-04_0143.png,74.244,1.21819057026003,279.201869562
144,ENF-04_0144.png,74.744,1.23718298730777,282.2298618804
145,ENF-04_0145.png,75.244,1.23763400908533,285.8282939316
146,ENF-04_0146.png,75.744,1.2512004141384,288.9879090798
147,ENF-04_0147.png,76.244,1.25300862644782,291.6501687498
148,ENF-04_0148.png,76.744,1.25933943213041,294.0783186012
149,ENF-04_0149.png,77.244,1.27652226180232,298.3936257876
150,ENF-04_0150.png,77.744,1.29054106369935,301.714088571
151,ENF-04_0151.png,78.244,1.29009004192179,304.44952146
152,ENF-04_0152.png,78.744,1.29958350031287,307.0679216808
153,ENF-04_0153.png,79.244,1.31540913945293,309.7886754438
154,ENF-04_0154.png,79.744,1.32219234197946,313.0945925478
155,ENF-04_0155.png,80.244,1.33666216565404,315.742217574
156,ENF-04_0156.png,80.744,1.34480393377884,318.536144556
157,ENF-04_0157.png,81.244,1.34208955271511,322.2955132068
158,ENF-04_0158.png,81.744,1.35565458270178,325.2211075008
159,ENF-04_0159.png,82.244,1.36379497576019,327.766423467
160,ENF-04_0160.png,82.744,1.37328980921766,331.1600149872
161,ENF-04_0161.png,83.244,1.3882120297362,334.1147896044
162,ENF-04_0162.png,83.744,1.38775963289225,336.9087165864
163,ENF-04_0163.png,84.244,1.39725721648251,338.7518810256
164,ENF-04_0164.png,84.744,1.41489381806478,342.7598606922
165,ENF-04_0165.png,85.244,1.41986468308271,346.914231279
166,ENF-04_0166.png,85.744,1.42077085183701,349.3716949002
167,ENF-04_0167.png,86.244,1.44247489981569,352.2680199066
168,ENF-04_0168.png,86.744,1.44518790581303,354.7254390456
169,ENF-04_0169.png,87.244,1.45739712033423,358.3678639926
170,ENF-04_0170.png,87.744,1.47006010676579,361.3812216672
171,ENF-04_0171.png,88.244,1.47186831907521,364.2629120298
172,ENF-04_0172.png,88.744,1.49085798599016,367.1884618416
173,ENF-04_0173.png,89.244,1.49266894843238,369.9384848922
174,ENF-04_0174.png,89.744,1.50171276011229,371.7084316302
175,ENF-04_0175.png,90.244,1.50578295664149,374.1367149282
176,ENF-04_0176.png,90.744,1.52341818315737,378.8176213164
177,ENF-04_0177.png,91.244,1.52341680809097,381.7431711282
178,ENF-04_0178.png,91.744,1.54105203460685,384.4786484994
179,ENF-04_0179.png,92.244,1.54376504060418,387.082325112
180,ENF-04_0180.png,92.744,1.55371364597201,390.1688560056
181,ENF-04_0181.png,93.244,1.56275608258553,393.7672880568
182,ENF-04_0182.png,93.744,1.57587009079464,397.6582795374
183,ENF-04_0183.png,94.244,1.58536492425212,399.6184321626
184,ENF-04_0184.png,94.744,1.59531490468633,402.5586611004
185,ENF-04_0185.png,95.244,1.59621832330785,406.0400604834
186,ENF-04_0186.png,95.744,1.60933233151697,407.8685902788
187,ENF-04_0187.png,96.244,1.61249910942465,410.8819479534
188,ENF-04_0188.png,96.744,1.62696618296645,414.6851760534
189,ENF-04_0189.png,97.244,1.639629169398,418.3567813236
190,ENF-04_0190.png,97.744,1.65364659622863,420.6094044138
191,ENF-04_0191.png,98.244,1.6590726082233,422.964558975
192,ENF-04_0192.png,98.744,1.66495101706193,424.8953978304
193,ENF-04_0193.png,99.244,1.66178698928703,428.9766396804
194,ENF-04_0194.png,99.744,1.68168144988989,431.90214501
195,ENF-04_0195.png,100.244,1.68349103726571,434.9155026846
196,ENF-04_0196.png,100.744,1.69570025178692,437.6070316422
197,ENF-04_0197.png,101.244,1.7061012539987,440.7081526974
198,ENF-04_0198.png,101.744,1.71650088114408,444.5845540164
199,ENF-04_0199.png,102.244,1.72690188335586,447.4077947682
200,ENF-04_0200.png,102.744,1.73413610765995,449.6018792832
201,ENF-04_0201.png,103.244,1.7449881316493,452.2349141478
202,ENF-04_0202.png,103.744,1.74815353449058,455.7602619444
203,ENF-04_0203.png,104.244,1.75855453670237,459.153942429
204,ENF-04_0204.png,104.744,1.77211956668904,462.196524909
205,ENF-04_0205.png,105.244,1.78161577521291,464.9026885104
206,ENF-04_0206.png,105.744,1.78659076543002,467.652711561
207,ENF-04_0207.png,106.244,1.80105921403821,470.8415959968
208,ENF-04_0208.png,106.744,1.80739001972079,474.6302339352
209,ENF-04_0209.png,107.244,1.81100781940604,478.0969986744
210,ENF-04_0210.png,107.744,1.81778964686618,480.1302800364
211,ENF-04_0211.png,108.244,1.82683345854609,482.8803475692
212,ENF-04_0212.png,108.744,1.84085088537672,485.49874779
213,ENF-04_0213.png,109.244,1.85306147496432,488.672997582
214,ENF-04_0214.png,109.744,1.85713167149352,491.2621285152
215,ENF-04_0215.png,110.244,1.86843471726042,494.4363783072
216,ENF-04_0216.png,110.744,1.87747715387394,497.8885528848
217,ENF-04_0217.png,111.244,1.87566894156452,500.3315153088
218,ENF-04_0218.png,111.744,1.89918532705181,504.1492890882
219,ENF-04_0219.png,112.244,1.90008874567332,506.1971606118
220,ENF-04_0220.png,112.744,1.91184418828417,508.8886895694
221,ENF-04_0221.png,113.244,1.92269896240631,511.2876590976
222,ENF-04_0222.png,113.744,1.92902976808889,515.4420296844
223,ENF-04_0223.png,114.244,1.94440163531859,519.713343975
224,ENF-04_0224.png,114.744,1.94937525046931,522.9900362736
225,ENF-04_0225.png,115.244,1.96068242143539,525.0232731534
226,ENF-04_0226.png,115.744,1.96565603658611,527.919642642
227,ENF-04_0227.png,116.244,1.97786387604092,530.450235
228,ENF-04_0228.png,116.744,1.98238784448047,532.73217186
229,ENF-04_0229.png,117.244,1.98736145963118,536.3306483934
230,ENF-04_0230.png,117.744,1.9995679240196,538.6564891848
231,ENF-04_0231.png,118.244,2.00228230508333,541.494275616
232,ENF-04_0232.png,118.744,2.0239877281284,545.2975926804
233,ENF-04_0233.png,119.244,2.0239877281284,548.4133038972
234,ENF-04_0234.png,119.744,2.03574592087204,551.090198211
235,ENF-04_0235.png,120.244,2.04614692308383,554.6155015254
236,ENF-04_0236.png,120.744,2.05111916316815,557.4241076334
237,ENF-04_0237.png,121.244,2.06920816159437,560.2764842262
238,ENF-04_0238.png,121.744,2.07644101083207,562.9387883784
239,ENF-04_0239.png,122.244,2.08412900704652,566.010640146
240,ENF-04_0240.png,122.744,2.09679061841167,569.7554186352
241,ENF-04_0241.png,123.244,2.09995602125297,572.5493456172
242,ENF-04_0242.png,123.744,2.10899845786649,575.1969261612
243,ENF-04_0243.png,124.244,2.12075527554374,577.9909421076
244,ENF-04_0244.png,124.744,2.12934806544609,580.7702344458
245,ENF-04_0245.png,125.244,2.1374870834381,584.3248070478
246,ENF-04_0246.png,125.744,2.15014869480326,587.6453587956
247,ENF-04_0247.png,126.244,2.15331409764455,590.9366412558
248,ENF-04_0248.png,126.744,2.16281030616842,593.6281702134
249,ENF-04_0249.png,127.244,2.17140172100437,596.451366483
250,ENF-04_0250.png,127.744,2.18089655446185,599.4939044808
251,ENF-04_0251.png,128.244,2.19627117182435,602.6828333988
252,ENF-04_0252.png,128.744,2.2039577929724,605.6376524982
253,ENF-04_0253.png,129.244,2.20124478697506,607.627074411
254,ENF-04_0254.png,129.744,2.21571461064965,611.108473794
255,ENF-04_0255.png,130.244,2.22611561286143,613.8292720392
256,ENF-04_0256.png,130.744,2.23606284316286,616.0527148062
257,ENF-04_0257.png,131.244,2.24510665484277,619.5780181206
258,ENF-04_0258.png,131.744,2.25415184158908,622.7815816824
259,ENF-04_0259.png,132.244,2.25731586936398,625.0488394164
260,ENF-04_0260.png,132.744,2.26228948451469,627.3161861148
261,ENF-04_0261.png,133.244,2.27992608609696,630.739135887
262,ENF-04_0262.png,133.744,2.29168290377421,634.0450974732
263,ENF-04_0263.png,134.244,2.28851612586653,636.3708937824
264,ENF-04_0264.png,134.744,2.29891712807831,639.6767664042
265,ENF-04_0265.png,135.244,2.31745714828209,642.7194378486
266,ENF-04_0266.png,135.744,2.31926536059152,646.0692144018
267,ENF-04_0267.png,136.244,2.32650095996201,648.4535937684
268,ENF-04_0268.png,136.744,2.34232659910206,650.7355306284
269,ENF-04_0269.png,137.244,2.34639817069766,654.5094894408
270,ENF-04_0270.png,137.744,2.36358100036958,657.3034164228
271,ENF-04_0271.png,138.244,2.3726234369831,660.492389823
272,ENF-04_0272.png,138.744,2.37307583382705,663.1399258848
273,ENF-04_0273.png,139.244,2.37985766128719,665.8608130944
274,ENF-04_0274.png,139.744,2.39161585403084,668.4206302578
275,ENF-04_0275.png,140.244,2.39885007833493,671.2585056534
276,ENF-04_0276.png,140.744,2.41151168970009,674.3303129388
277,ENF-04_0277.png,141.244,2.412416483388,677.1827340138
278,ENF-04_0278.png,141.744,2.43321573767877,679.4939401614
279,ENF-04_0279.png,142.244,2.43954654336135,682.9169344158
280,ENF-04_0280.png,142.744,2.44452153357846,686.8810991154
281,ENF-04_0281.png,143.244,2.459443754097,690.523435098
282,ENF-04_0282.png,143.744,2.46939098439843,692.7615125088
283,ENF-04_0283.png,144.244,2.48069815536451,695.2043859684
284,ENF-04_0284.png,144.744,2.48657518913675,697.2376228482
285,ENF-04_0285.png,145.244,2.49471420712875,700.2071210736
286,ENF-04_0286.png,145.744,2.49471420712875,702.8254768122
287,ENF-04_0287.png,146.244,2.5105412213352,705.4878254466
288,ENF-04_0288.png,146.744,2.51144601502311,708.837646482
289,ENF-04_0289.png,147.244,2.53269904122423,711.9240884112
290,ENF-04_0290.png,147.744,2.54083668414984,715.2153263892
291,ENF-04_0291.png,148.244,2.55078391445127,717.5704809504
292,ENF-04_0292.png,148.744,2.55983047626398,720.3790425762
293,ENF-04_0293.png,149.244,2.57113352203088,723.3484963194
294,ENF-04_0294.png,149.744,2.57384652802821,725.6157985356
295,ENF-04_0295.png,150.244,2.5851523239279,728.2342432386
296,ENF-04_0296.png,150.744,2.58560197063906,732.008202051
297,ENF-04_0297.png,151.244,2.59871735391458,734.9630211504
298,ENF-04_0298.png,151.744,2.60685637190658,737.5083371166
299,ENF-04_0299.png,152.244,2.61770977096232,739.9073066448
300,ENF-04_0300.png,152.744,2.62132619558117,743.461923729
301,ENF-04_0301.png,153.244,2.6321795946369,745.6268279208
302,ENF-04_0302.png,153.744,2.64483983093567,748.537787571
303,ENF-04_0303.png,154.244,2.65478981136989,752.03386608
304,ENF-04_0304.png,154.744,2.66066684514212,755.7347406378
305,ENF-04_0305.png,155.244,2.67061545050994,758.1044408784
306,ENF-04_0306.png,155.744,2.67694488112613,761.4688520754
307,ENF-04_0307.png,156.244,2.68960649249128,764.0726176524
308,ENF-04_0308.png,156.744,2.68915409564733,767.5540615176
309,ENF-04_0309.png,157.244,2.71357389975613,770.2455904752
310,ENF-04_0310.png,157.744,2.72216531459209,773.0542410654
311,ENF-04_0311.png,158.244,2.73120775120562,775.423941306
312,ENF-04_0312.png,158.744,2.72442592374548,777.4571781858
313,ENF-04_0313.png,159.244,2.73934676919762,779.7098902404
314,ENF-04_0314.png,159.744,2.75155598371883,781.8894735582
315,ENF-04_0315.png,160.244,2.75879295815571,785.0344985448
316,ENF-04_0316.png,160.744,2.75924397993327,788.2526522682
317,ENF-04_0317.png,161.244,2.78094940297835,791.2659654606
318,ENF-04_0318.png,161.744,2.77959083738009,793.5625369644
319,ENF-04_0319.png,162.244,2.78863602412639,796.5467143158
320,ENF-04_0320.png,162.744,2.80536645695436,799.6477908888
321,ENF-04_0321.png,163.244,2.81983765569534,803.6704941636
322,ENF-04_0322.png,163.744,2.82345408031419,806.9325518184
323,ENF-04_0323.png,164.244,2.83114070146224,809.3461115082
324,ENF-04_0324.png,164.744,2.83656533839052,811.4378869632
325,ENF-04_0325.png,165.244,2.84425470967136,813.4565781636
326,ENF-04_0326.png,165.744,2.8519427058858,816.4991606436
327,ENF-04_0327.png,166.244,2.8673173232483,820.3609273188
328,ENF-04_0328.png,166.744,2.88088235323497,823.1841235884
329,ENF-04_0329.png,167.244,2.8826905655444,825.5100533442
330,ENF-04_0330.png,167.744,2.88811657753907,828.2161724634
331,ENF-04_0331.png,168.244,2.90620420089889,830.6444557614
332,ENF-04_0332.png,168.744,2.91615280626672,833.2627670178
333,ENF-04_0333.png,169.244,2.92022300279592,836.20308492
334,ENF-04_0334.png,169.744,2.92971921131979,838.938517809
335,ENF-04_0335.png,170.244,2.94011883846518,842.9757667632
336,ENF-04_0336.png,170.744,2.94011746339878,845.842822482
337,ENF-04_0337.png,171.244,2.96182426151025,847.6274928282
338,ENF-04_0338.png,171.744,2.96046707097839,849.9971485866
339,ENF-04_0339.png,172.244,2.98126770033555,854.4440786028
340,ENF-04_0340.png,172.744,2.98443310317684,857.0624343414
341,ENF-04_0341.png,173.244,2.99392931170071,860.031977049
342,ENF-04_0342.png,173.744,2.99935532369538,862.5626138892
343,ENF-04_0343.png,174.244,3.01201693506054,865.444348734
344,ENF-04_0344.png,174.744,3.02377375273779,867.8872221936
345,ENF-04_0345.png,175.244,3.0278411991342,870.5933413128
346,ENF-04_0346.png,175.744,3.03914699503389,873.4165375824
347,ENF-04_0347.png,176.244,3.04999901902323,876.0056685156
348,ENF-04_0348.png,176.744,3.05587880292825,878.9020380042
349,ENF-04_0349.png,177.244,3.06220823354444,881.8423114242
350,ENF-04_0350.png,177.744,3.06899143607097,884.6069246364
351,ENF-04_0351.png,178.244,3.07984346006031,887.6495515986
352,ENF-04_0352.png,178.744,3.09295746826943,890.487382512
353,ENF-04_0353.png,179.244,3.10109648626143,892.91566581
354,ENF-04_0354.png,179.744,3.11104646669565,896.470238412
355,ENF-04_0355.png,180.244,3.12325430615046,900.41981295
356,ENF-04_0356.png,180.744,3.1259673121478,902.3945112546
357,ENF-04_0357.png,181.244,3.1341063301398,905.0275906014
358,ENF-04_0358.png,181.744,3.14089090773273,907.9239156078
359,ENF-04_0359.png,182.244,3.15807098727186,910.454552448
360,ENF-04_0360.png,182.744,3.16530658664235,913.5263597334
361,ENF-04_0361.png,183.244,3.17661100747565,916.2764717484
362,ENF-04_0362.png,183.744,3.17977641031694,919.406817609
363,ENF-04_0363.png,184.244,3.18475277560044,921.5718107652
364,ENF-04_0364.png,184.744,3.19153322799419,923.9854594194
365,ENF-04_0365.png,185.244,3.20329142073783,925.6969120644
366,ENF-04_0366.png,185.744,3.21142906366344,929.5586787396
367,ENF-04_0367.png,186.244,3.22228383778557,933.347316678
368,ENF-04_0368.png,186.744,3.23765708008167,936.0681149232
369,ENF-04_0369.png,187.244,3.24579884820647,938.7303745932
370,ENF-04_0370.png,187.744,3.25710189397337,941.3634094578
371,ENF-04_0371.png,188.244,3.26524091196537,943.4991778086
372,ENF-04_0372.png,188.744,3.26478851512142,945.9712315914
373,ENF-04_0373.png,189.244,3.27247651133586,948.5458168452
374,ENF-04_0374.png,189.744,3.28965796594139,951.8078300178
375,ENF-04_0375.png,190.244,3.29598877162396,955.0552530288
376,ENF-04_0376.png,190.744,3.30231957730654,957.644383962
377,ENF-04_0377.png,191.244,3.30910415489948,960.3067325964
378,ENF-04_0378.png,191.744,3.31633700413718,963.2761863396
379,ENF-04_0379.png,192.244,3.32538219088349,966.2749093704
380,ENF-04_0380.png,192.744,3.34211262371145,969.171278859
381,ENF-04_0381.png,193.244,3.34166160193389,971.7311405046
382,ENF-04_0382.png,193.744,3.35748586600755,974.5981962234
383,ENF-04_0383.png,194.244,3.36788686821933,978.7525668102
384,ENF-04_0384.png,194.744,3.37602726127773,981.707474874
385,ENF-04_0385.png,195.244,3.37874026727506,983.6822176608
386,ENF-04_0386.png,195.744,3.39501830325908,986.227533627
387,ENF-04_0387.png,196.244,3.39411488463756,988.5533299362
388,ENF-04_0388.png,196.744,3.41265490484134,991.054741971
389,ENF-04_0389.png,197.244,3.42169734145487,993.2928193818
390,ENF-04_0390.png,197.744,3.42576616291767,996.1745542266
391,ENF-04_0391.png,198.244,3.44114215534656,999.202546545
392,ENF-04_0392.png,198.744,3.44656816734123,1002.9033766206
393,ENF-04_0393.png,199.244,3.45832360995209,1005.931368939
394,ENF-04_0394.png,199.744,3.45696641942022,1008.41814633
395,ENF-04_0395.png,200.244,3.47369822731458,1011.6948386286
396,ENF-04_0396.png,200.744,3.47550643962401,1014.3717774246
397,ENF-04_0397.png,201.244,3.49314304120628,1016.9608638756
398,ENF-04_0398.png,201.744,3.50444883710596,1019.2720700232
399,ENF-04_0399.png,202.244,3.50444746203957,1022.4025048482
400,ENF-04_0400.png,202.744,3.51575325793926,1024.7429802834
401,ENF-04_0401.png,203.244,3.5184648888702,1028.2391032746
402,ENF-04_0402.png,203.744,3.53338710938874,1030.3601480172
403,ENF-04_0403.png,204.244,3.5460487207539,1034.0463879312
404,ENF-04_0404.png,204.744,3.55464013558986,1036.5623901276
405,ENF-04_0405.png,205.244,3.56051716936209,1039.1223407376
406,ENF-04_0406.png,205.744,3.56277915358186,1041.7552866378
407,ENF-04_0407.png,206.244,3.57227536210574,1044.242108511
408,ENF-04_0408.png,206.744,3.5890057949337,1046.9629067562
409,ENF-04_0409.png,207.244,3.59714481292571,1049.6837050014
410,ENF-04_0410.png,207.744,3.59985919398943,1052.19975168
411,ENF-04_0411.png,208.244,3.6165896268174,1055.1107113302
412,ENF-04_0412.png,208.744,3.61116361482273,1057.3780580286
413,ENF-04_0413.png,209.244,3.62744165080674,1060.201209816
414,ENF-04_0414.png,209.744,3.62970501009291,1063.185298203
415,ENF-04_0415.png,210.244,3.65231247669311,1067.032563681
416,ENF-04_0416.png,210.744,3.6636168975264,1070.192134347
417,ENF-04_0417.png,211.244,3.66904290952107,1072.1084720052
418,ENF-04_0418.png,211.744,3.67763432435703,1074.9316682748
419,ENF-04_0419.png,212.244,3.67854049311134,1077.7695436704
420,ENF-04_0420.png,212.744,3.69753153509268,1080.6219202632
421,ENF-04_0421.png,213.244,3.70024316602362,1082.3773213218
422,ENF-04_0422.png,213.744,3.70476713446317,1084.9518620934
423,ENF-04_0423.png,214.244,3.7187845612938,1087.3361969778
424,ENF-04_0424.png,214.744,3.72873179159523,1092.2219883792
425,ENF-04_0425.png,215.244,3.74546359948959,1095.1329480294
426,ENF-04_0426.png,215.744,3.74998344272995,1097.4588777852
427,ENF-04_0427.png,216.244,3.74772558370937,1099.2873630984
428,ENF-04_0428.png,216.744,3.76038444494174,1101.905718837
429,ENF-04_0429.png,217.244,3.77123921906387,1104.3778615842
430,ENF-04_0430.png,217.744,3.77395084999481,1106.8645500108
431,ENF-04_0431.png,218.244,3.78480149891775,1110.1559214354
432,ENF-04_0432.png,218.744,3.80379391596549,1113.0230661186
433,ENF-04_0433.png,219.244,3.79791688219326,1115.2610990472
434,ENF-04_0434.png,219.744,3.82324010492358,1118.4646181268
435,ENF-04_0435.png,220.244,3.81781271786252,1121.2000510158
436,ENF-04_0436.png,220.744,3.8322825415371,1124.9156046996
437,ENF-04_0437.png,221.244,3.8444931311247,1127.4609206658
438,ENF-04_0438.png,221.744,3.85805678604498,1129.5526961208
439,ENF-04_0439.png,222.244,3.85850918288894,1133.0926785612
440,ENF-04_0440.png,222.744,3.87071977247653,1135.828066968
441,ENF-04_0441.png,223.244,3.87840501855819,1137.8468026506
442,ENF-04_0442.png,223.744,3.88609438983903,1140.7723524624
443,ENF-04_0443.png,224.244,3.8874488302381,1143.9174219312
444,ENF-04_0444.png,224.744,3.89694778889476,1146.9746835372
445,ENF-04_0445.png,225.244,3.91910148358461,1149.198081822
446,ENF-04_0446.png,225.744,3.92091107096043,1151.553191901
447,ENF-04_0447.png,226.244,3.93583466654536,1154.7421653012
448,ENF-04_0448.png,226.744,3.93673671010049,1157.7262981704
449,ENF-04_0449.png,227.244,3.94442608138133,1160.4324617718
450,ENF-04_0450.png,227.744,3.96522671073849,1163.5628965968
451,ENF-04_0451.png,228.244,3.97200853819863,1165.7131661448
452,ENF-04_0452.png,228.744,3.98105234987855,1168.2438474672
453,ENF-04_0453.png,229.244,3.9855749432517,1170.7013555706
454,ENF-04_0454.png,229.744,3.9937139612437,1173.2466270546
455,ENF-04_0455.png,230.244,4.00230675114606,1175.8357579878
456,ENF-04_0456.png,230.744,4.02129779312741,1179.3465156228
457,ENF-04_0457.png,231.244,4.02672380512207,1181.877152463
458,ENF-04_0458.png,231.744,4.03395940449257,1184.568770385
459,ENF-04_0459.png,232.244,4.04571484710342,1187.4504162654
460,ENF-04_0460.png,232.744,4.04662101585773,1189.9810975878
461,ENF-04_0461.png,233.244,4.05340146825147,1192.394746242
462,ENF-04_0462.png,233.744,4.06651685152698,1195.057005912
463,ENF-04_0463.png,234.244,4.06696649823814,1197.7046754204
464,ENF-04_0464.png,234.744,4.08686508404019,1200.162228006
465,ENF-04_0465.png,235.244,4.09183869919091,1203.277983705
466,ENF-04_0466.png,235.744,4.09816950487349,1206.452233497
467,ENF-04_0467.png,236.244,4.10811536010852,1209.0706782
468,ENF-04_0468.png,236.744,4.11851773738669,1211.5135516596
469,ENF-04_0469.png,237.244,4.13479577337071,1213.5614676654
470,ENF-04_0470.png,237.744,4.14022316043177,1216.5602351784
471,ENF-04_0471.png,238.244,4.1501703907332,1219.7053046472
472,ENF-04_0472.png,238.744,4.15876180556916,1221.8409395514
473,ENF-04_0473.png,239.244,4.1623809803208,1224.3424405506
474,ENF-04_0474.png,239.744,4.17865901630481,1227.1948171434
475,ENF-04_0475.png,240.244,4.1858946156753,1230.105865758
476,ENF-04_0476.png,240.744,4.18272646270122,1232.9143829016
477,ENF-04_0477.png,241.244,4.20443326081269,1235.6937642042
478,ENF-04_0478.png,241.744,4.20714764187642,1237.873347522
479,ENF-04_0479.png,242.244,4.21392946933656,1240.4039843622
480,ENF-04_0480.png,242.744,4.23337290816186,1243.1979558264
481,ENF-04_0481.png,243.244,4.23563351731524,1245.8309462088
482,ENF-04_0482.png,243.744,4.25146053152169,1248.3616720134
483,ENF-04_0483.png,244.244,4.24648554130458,1250.4242671452
484,ENF-04_0484.png,244.744,4.26276357728859,1253.481484269
485,ENF-04_0485.png,245.244,4.27497279180979,1255.96826166
486,ENF-04_0486.png,245.744,4.28447037540006,1257.943048929
487,ENF-04_0487.png,246.244,4.28627858770949,1260.7077955878
488,ENF-04_0488.png,246.744,4.29758575867557,1263.794237517
489,ENF-04_0489.png,247.244,4.30843503253212,1266.1639822398
490,ENF-04_0490.png,247.744,4.32200281265159,1269.089621016
491,ENF-04_0491.png,248.244,4.32516684042648,1272.5126152704
492,ENF-04_0492.png,248.744,4.34099247956654,1275.3650808276
493,ENF-04_0493.png,249.244,4.34822807893703,1277.8079542872
494,ENF-04_0494.png,249.744,4.35501128146356,1279.475547483
495,ENF-04_0495.png,250.244,4.36405371807708,1281.9330555864
496,ENF-04_0496.png,250.744,4.36541090860895,1283.790765705
497,ENF-04_0497.png,251.244,4.37445334522246,1286.5263320406
498,ENF-04_0498.png,251.744,4.38666530987646,1288.7058708762
499,ENF-04_0499.png,252.244,4.40158615532861,1291.4852076966
500,ENF-04_0500.png,252.744,4.41017757016457,1293.6647910144
501,ENF-04_0501.png,253.244,4.41379674491621,1295.3031594048
502,ENF-04_0502.png,253.744,4.42057857237635,1296.692827815
503,ENF-04_0503.png,254.244,4.43866482066978,1299.7354547772
504,ENF-04_0504.png,254.744,4.440475783112,1302.8366203146
505,ENF-04_0505.png,255.244,4.45675381909601,1306.1718067062
506,ENF-04_0506.png,255.744,4.46534660899836,1307.839399902
507,ENF-04_0507.png,256.244,4.46986507717233,1309.0534970688
508,ENF-04_0508.png,256.744,4.4793626607626,1311.3794268246
509,ENF-04_0509.png,257.244,4.48569346644518,1312.8421794894
510,ENF-04_0510.png,257.744,4.49971089327581,1313.8223002842
511,ENF-04_0511.png,258.244,4.50513690527048,1315.6361064714
512,ENF-04_0512.png,258.744,4.51734611979168,1317.5523996474
513,ENF-04_0513.png,259.244,4.52006050085541,1318.985971989
514,ENF-04_0514.png,259.744,4.53679093368338,1320.3317364678
515,ENF-04_0515.png,260.244,4.53724333052733,1321.6775454288
516,ENF-04_0516.png,260.744,4.55351999144495,1322.7015256728
517,ENF-04_0517.png,261.244,4.55759018797415,1323.827859459
518,ENF-04_0518.png,261.744,4.56120798765939,1325.0419566258
519,ENF-04_0519.png,262.244,4.57477301764606,1326.1683793764
520,ENF-04_0520.png,262.744,4.59150482554043,1327.1630903328
521,ENF-04_0521.png,263.244,4.60145343090825,1327.4849190498
522,ENF-04_0522.png,263.744,4.61004484574421,1327.7482091916
523,ENF-04_0523.png,264.244,4.61773009182587,1328.1431666454
524,ENF-04_0524.png,264.744,4.628584865948,1328.2747894752
525,ENF-04_0525.png,265.244,4.63672388394,1328.1431666454
526,ENF-04_0526.png,265.744,4.64214989593467,1327.35329622
527,ENF-04_0527.png,266.244,4.64440913002166,1325.7587872788
528,ENF-04_0528.png,266.744,4.6643077158237,1323.5937941226
529,ENF-04_0529.png,267.244,4.66204573160393,1319.9807274276
530,ENF-04_0530.png,267.744,4.68691793255669,1314.7584281832
531,ENF-04_0531.png,268.244,4.69776720641324,1307.2981404924
532,ENF-04_0532.png,268.744,4.7031945934743,1297.6582694838
533,ENF-04_0533.png,269.244,4.72128221683413,1285.4292230598
534,ENF-04_0534.png,269.744,4.72128221683413,1270.3768914018
535,ENF-04_0535.png,270.244,4.74343866165677,1259.1717807396
536,ENF-04_0536.png,270.744,4.75926705092961,1247.1475303644
537,ENF-04_0537.png,271.244,4.76288485061485,1237.0102149132
538,ENF-04_0538.png,271.744,4.77283208091629,1228.0725399138
539,ENF-04_0539.png,272.244,4.77328447776024,1219.910100696
540,ENF-04_0540.png,272.744,4.79001491058821,1212.0109071378
541,ENF-04_0541.png,273.244,4.79137210112007,1205.8378898328
542,ENF-04_0542.png,273.744,4.80177172826546,1199.9574319572
543,ENF-04_0543.png,274.244,4.81217273047724,1193.6234780526
544,ENF-04_0544.png,274.744,4.81624155194004,1188.108663861
545,ENF-04_0545.png,275.244,4.82166893900111,1183.9104783072
546,ENF-04_0546.png,275.744,4.83478019707743,1179.7853325258
547,ENF-04_0547.png,276.244,4.83116377245858,1175.9235658506
548,ENF-04_0548.png,276.744,4.84473155257804,1172.398218054
549,ENF-04_0549.png,277.244,4.86100683842926,1168.3755147792
550,ENF-04_0550.png,277.744,4.87276365610652,1164.820897695
551,ENF-04_0551.png,278.244,4.87547803717025,1160.8565995488
552,ENF-04_0552.png,278.744,4.88904306715692,1157.6678040774
553,ENF-04_0553.png,279.244,4.89040025768879,1154.3910672966
554,ENF-04_0554.png,279.744,4.90306186905394,1150.8656750178
555,ENF-04_0555.png,280.244,4.9066782936728,1146.9453697674
556,ENF-04_0556.png,280.744,4.92567071072054,1141.8110118324
557,ENF-04_0557.png,281.244,4.92883611356183,1135.5648657906
558,ENF-04_0558.png,281.744,4.95144495522842,1129.0699752864
559,ENF-04_0559.png,282.244,4.957775760911,1118.8888448682
560,ENF-04_0560.png,282.744,4.96546238205905,1107.4936617654
561,ENF-04_0561.png,283.244,4.96365416974962,1096.098345216
562,ENF-04_0562.png,283.744,4.98038597764398,1087.467908772
563,ENF-04_0563.png,284.244,4.9934986107867,1080.6219202632
564,ENF-04_0564.png,284.744,5.00661261899582,1075.1949584166
565,ENF-04_0565.png,285.244,5.01113521236897,1071.1722551418
566,ENF-04_0566.png,285.744,5.00525542846395,1068.4660470582
567,ENF-04_0567.png,286.244,5.02696085150903,1067.3398022364
568,ENF-04_0568.png,286.744,5.02967248243997,1066.4766696276
569,ENF-04_0569.png,287.244,5.03691083194325,1066.3450023156
570,ENF-04_0570.png,287.744,5.04957106824201,1066.2864637404
571,ENF-04_0571.png,288.244,5.05680391747971,1066.1256161052
572,ENF-04_0572.png,288.744,5.06087411400891,1066.2572834172
573,ENF-04_0573.png,289.244,5.07986515599026,1066.008583437
574,ENF-04_0574.png,289.744,5.09207712064425,1066.1694755544
575,ENF-04_0575.png,290.244,5.09388395788728,1066.3596369594
576,ENF-04_0576.png,290.744,5.11151918440316,1066.6521963888
577,ENF-04_0577.png,291.244,5.1151383591548,1067.3251675926
578,ENF-04_0578.png,291.744,5.12553798630018,1067.7638955312
579,ENF-04_0579.png,292.244,5.12960543269659,1068.2027124342
580,ENF-04_0580.png,292.744,5.13322460744823,1068.363693516
581,ENF-04_0581.png,293.244,5.14453177841432,1068.7879202574
582,ENF-04_0582.png,293.744,5.15538242733726,1069.065845043
583,ENF-04_0583.png,294.244,5.17120944154371,1069.8850292382
584,ENF-04_0584.png,294.744,5.17437209425221,1070.4116095218
585,ENF-04_0585.png,295.244,5.17166046332127,1070.4993729024
586,ENF-04_0586.png,295.744,5.19110527721297,1070.8504264248
587,ENF-04_0587.png,296.244,5.1969823109852,1071.918266118
588,ENF-04_0588.png,296.744,5.21009769426071,1072.7227711872
589,ENF-04_0589.png,297.244,5.22094834318365,1073.4981404154
590,ENF-04_0590.png,297.744,5.22275793055947,1074.024720699
591,ENF-04_0591.png,298.244,5.24039453214174,1074.4928513718
592,ENF-04_0592.png,298.744,5.23722775423406,1075.4729276844
593,ENF-04_0593.png,299.244,5.24355855991664,1076.4529150326
594,ENF-04_0594.png,299.744,5.25079278422073,1076.950314993
595,ENF-04_0595.png,300.244,5.26888040758056,1078.105962549
596,ENF-04_0596.png,300.744,5.27566498517349,1078.9397369058
597,ENF-04_0597.png,301.244,5.28470742178701,1079.8466844816
598,ENF-04_0598.png,301.744,5.29736903315217,1080.461072628
599,ENF-04_0599.png,302.244,5.30369846376836,1081.2508985712
600,ENF-04_0600.png,302.744,5.31545528144561,1082.3773213218
601,ENF-04_0601.png,303.244,5.32043027166272,1083.240320484
602,ENF-04_0602.png,303.744,5.33263948618392,1083.9132916878
603,ENF-04_0603.png,304.244,5.33942406377685,1084.8055601376
604,ENF-04_0604.png,304.744,5.34123090101988,1085.8441305432
605,ENF-04_0605.png,305.244,5.3502733376334,1086.882745431
606,ENF-04_0606.png,305.744,5.3584137306918,1087.7457890754
607,ENF-04_0607.png,306.244,5.37559656036372,1088.3894020272
608,ENF-04_0608.png,306.744,5.37197876067848,1089.5158247778
609,ENF-04_0609.png,307.244,5.38147496920235,1090.6128447942
610,ENF-04_0610.png,307.744,5.39639856478728,1092.046461618
611,ENF-04_0611.png,308.244,5.40770298562058,1093.0849875414
612,ENF-04_0612.png,308.744,5.40679819193267,1093.8164528382
613,ENF-04_0613.png,309.244,5.42533821213645,1095.0159153612
614,ENF-04_0614.png,309.744,5.42805121813378,1096.4055392892
615,ENF-04_0615.png,310.244,5.44026043265499,1097.1809085174
616,ENF-04_0616.png,310.744,5.45472888126318,1098.1024017726
617,ENF-04_0617.png,311.244,5.46196448063367,1098.9362206116
618,ENF-04_0618.png,311.744,5.46422508978705,1100.0040158226
619,ENF-04_0619.png,312.244,5.48050312577106,1101.0572653542
620,ENF-04_0620.png,312.744,5.48728770336399,1101.7447822374
621,ENF-04_0621.png,313.244,5.48683255638725,1102.9003853112
622,ENF-04_0622.png,313.744,5.49587774313356,1103.4855486522
623,ENF-04_0623.png,314.244,5.50266232072649,1104.5095288962
624,ENF-04_0624.png,314.744,5.52120096586388,1105.4310666336
625,ENF-04_0625.png,315.244,5.53114819616531,1106.557444902
626,ENF-04_0626.png,315.744,5.5383837955358,1107.830080644
627,ENF-04_0627.png,316.244,5.5465228135278,1109.0587679724
628,ENF-04_0628.png,316.744,5.56099401226878,1109.863362006
629,ENF-04_0629.png,317.244,5.56234982773425,1110.4631155086
630,ENF-04_0630.png,317.744,5.56461043688763,1111.6041284208
631,ENF-04_0631.png,318.244,5.57455904225545,1113.0815602116
632,ENF-04_0632.png,318.744,5.59309906245924,1114.324926666
633,ENF-04_0633.png,319.244,5.59219426877133,1115.3195931402
634,ENF-04_0634.png,319.744,5.6016904772952,1116.4460158908
635,ENF-04_0635.png,320.244,5.61525550728188,1117.616164644
636,ENF-04_0636.png,320.744,5.6202277473662,1118.5085665404
637,ENF-04_0637.png,321.244,5.63605751170544,1119.547136946
638,ENF-04_0638.png,321.744,5.64193454547767,1120.176115254
639,ENF-04_0639.png,322.244,5.64555234516291,1121.4048915468
640,ENF-04_0640.png,322.744,5.66409374043309,1122.5458154946
641,ENF-04_0641.png,323.244,5.66273517483483,1123.4674421964
642,ENF-04_0642.png,323.744,5.68489299472386,1124.2865819094
643,ENF-04_0643.png,324.244,5.691674822184,1125.3691007286
644,ENF-04_0644.png,324.744,5.69257961587191,1126.0419384858
645,ENF-04_0645.png,325.244,5.70117103070787,1126.9342514178
646,ENF-04_0646.png,325.744,5.71790283860223,1127.5925434956
647,ENF-04_0647.png,326.244,5.72106686637713,1129.1869634724
648,ENF-04_0648.png,326.744,5.72106824144352,1130.2987515792
649,ENF-04_0649.png,327.244,5.74006203355766,1130.9569546926
650,ENF-04_0650.png,327.744,5.75226849794607,1132.0833774432
651,ENF-04_0651.png,328.244,5.75136507932456,1133.3706033468
652,ENF-04_0652.png,328.744,5.75950272225017,1134.1459280928
653,ENF-04_0653.png,329.244,5.76945132761799,1135.3014866844
654,ENF-04_0654.png,329.744,5.77849513929791,1136.3254669284
655,ENF-04_0655.png,330.244,5.78256258569432,1137.3201778848
656,ENF-04_0656.png,330.744,5.79206154435098,1138.3440691644
657,ENF-04_0657.png,331.244,5.80155637780845,1139.850814725
658,ENF-04_0658.png,331.744,5.81466763588478,1141.5184079208
659,ENF-04_0659.png,332.244,5.83547101537473,1142.264418897
660,ENF-04_0660.png,332.744,5.83411519990926,1143.3469377162
661,ENF-04_0661.png,333.244,5.83953983683753,1144.2245715222
662,ENF-04_0662.png,333.744,5.85581924788794,1144.6634329074
663,ENF-04_0663.png,334.244,5.85265384504665,1146.02383203
664,ENF-04_0664.png,334.744,5.86712366872124,1147.0478567562
665,ENF-04_0665.png,335.244,5.8879256731448,1148.3643964296
666,ENF-04_0666.png,335.744,5.89696810975832,1149.4175569968
667,ENF-04_0667.png,336.244,5.89877632206774,1150.280556159
668,ENF-04_0668.png,336.744,5.91008074290104,1151.2899462414
669,ENF-04_0669.png,337.244,5.90465473090637,1152.38701074
670,ENF-04_0670.png,337.744,5.92590775710749,1153.2647335104
671,ENF-04_0671.png,338.244,5.93856936847265,1154.1277771548
672,ENF-04_0672.png,338.744,5.93359437825554,1155.7661455452
673,ENF-04_0673.png,339.244,5.95122960477141,1157.0241021612
674,ENF-04_0674.png,339.744,5.95349158899119,1157.8725111618
675,ENF-04_0675.png,340.244,5.96298642244866,1158.75018945
676,ENF-04_0676.png,340.744,5.97700522434569,1159.8619330746
677,ENF-04_0677.png,341.244,5.98604766095921,1161.2077420356
678,ENF-04_0678.png,341.744,5.99644728810459,1162.2902163726
679,ENF-04_0679.png,342.244,5.99871064739076,1163.1386698554
680,ENF-04_0680.png,342.744,6.01091848684557,1164.0894768804
681,ENF-04_0681.png,343.244,6.02629310420807,1165.7424354324
682,ENF-04_0682.png,343.744,6.03533554082159,1166.985846369
683,ENF-04_0683.png,344.244,6.04212011841452,1168.0682762238
684,ENF-04_0684.png,344.744,6.05885192630888,1169.326277322
685,ENF-04_0685.png,345.244,6.06653854745693,1170.4672902342
686,ENF-04_0686.png,345.744,6.07558098407045,1171.37423781
687,ENF-04_0687.png,346.244,6.07060874398613,1172.3104101912
688,ENF-04_0688.png,346.744,6.0873378017477,1173.5684557716
689,ENF-04_0689.png,347.244,6.09683538533796,1174.5924360156
690,ENF-04_0690.png,347.744,6.10181037555507,1175.5871024898
691,ENF-04_0691.png,348.244,6.11311204625558,1176.1722658308
692,ENF-04_0692.png,348.744,6.12080004247002,1177.927577925
693,ENF-04_0693.png,349.244,6.13572226298856,1178.951558169
694,ENF-04_0694.png,349.744,6.14431367782452,1180.4289899598
695,ENF-04_0695.png,350.244,6.14793285257616,1181.2189048674
696,ENF-04_0696.png,350.744,6.16285369802831,1182.974305926
697,ENF-04_0697.png,351.244,6.17144511286427,1184.2176723804
698,ENF-04_0698.png,351.744,6.17189888477462,1185.5341675716
699,ENF-04_0699.png,352.244,6.18546391476129,1185.9436707048
700,ENF-04_0700.png,352.744,6.18772314884828,1186.3240824792
701,ENF-04_0701.png,353.244,6.18681973022676,1185.9437596692
702,ENF-04_0702.png,353.744,6.19993236336948,1185.7243289766
703,ENF-04_0703.png,354.244,6.20400118483229,1185.3440506488
704,ENF-04_0704.png,354.744,6.19314916084295,1184.8320605268
705,ENF-04_0705.png,355.244,6.20626316905206,1184.2176723804
706,ENF-04_0706.png,355.744,6.19993236336948,1183.7495417076
707,ENF-04_0707.png,356.244,6.19993236336948,1183.1937366186
708,ENF-04_0708.png,356.744,6.2017433258117,1182.330648492
709,ENF-04_0709.png,357.244,6.20581077220811,1181.9942296134
710,ENF-04_0710.png,357.744,6.19405257946446,1181.5407335844
711,ENF-04_0711.png,358.244,6.19993236336948,1180.809357252
712,ENF-04_0712.png,358.744,6.19721935737214,1180.4582147652
713,ENF-04_0713.png,359.244,6.20264536936682,1180.1802899796
714,ENF-04_0714.png,359.744,6.20671556589602,1179.8877305502
